剧情ID,剧情类型,标题,正文,选项1,选项1判定属性,选项1门槛,选项1成功文案,选项1成功效果,选项1失败文案,选项1失败效果,选项2,选项2判定属性,选项2门槛,选项2成功文案,选项2成功效果,选项2失败文案,选项2失败效果,是否侍寝
2001,机遇,敬事房翻牌,夜幕降临，敬事房的公公抬着绿头牌来到你面前，暗示你今日圣上心情不佳。,重金贿赂公公,心机,60,公公收了银子，在皇上面前替你美言了几句。,"圣宠+30;心机+5",公公嫌你寒酸，直接将你的牌子翻了过去。,"声望-10;圣宠-5",素净自然迎接,容貌,75,皇上见你清丽脱俗，不施粉黛，反而心生怜爱。,"圣宠+40;体质-10",皇上觉得你对他不够尊重，转头去了别处。,"圣宠-20;声望-10",1
2002,博弈,晨起请安,今日去皇后宫中请安，宠冠后宫的贵妃故意来迟，还让你让座。,恭敬起身让座,声望,50,你表现得大度得体，皇后赞你识大体。,"声望+15;心机+5",贵妃觉得你是在讽刺她，故意刁难你。,"体质-10;声望-5",坐着不动据理,心机,70,你引用宫规让贵妃哑口无言，众人对你刮目相看。,"声望+25;心机+15",贵妃当场大怒，赏了你两个耳光。,"体质-20;容貌-10",0
2003,日常,御花园偶遇,你在园中散心，撞见皇上正在独自弈棋，似乎遇到了残局。,上前解开棋局,才情,70,皇上惊喜于你的才华，留你对弈良久。,"才情+20;圣宠+35",你棋力不足反而乱了局面，皇上拂袖而去。,"圣宠-15;才情-5",静候一旁磨墨,容貌,65,皇上注意到你的柔情似水，心中泛起涟漪。,"容貌+5;圣宠+20",皇上嫌你碍眼，命你退下。,"圣宠-10",0
2004,死局,红麝香珠,内务府送来一串珍贵的红麝香珠，你总觉得香味有些古怪。,将其转送他人,心机,85,你成功将祸水东引，躲过一劫。,"心机+30",对方发现了你的意图，告发你谋害同僚。,"死亡",深埋花园树下,声望,60,你小心处理了证物，保全了自己。,"心机+15",你被路过的宫女看到，诬陷你掩埋诅咒之物。,"死亡",0
2005,博弈,截胡圣驾,皇上本打算去丽常在宫里，经过你门口时你正在窗边。,高歌一曲哀婉,才情,75,皇上被歌声吸引入内，今夜留宿你处。,"才情+15;圣宠+40",皇上觉得声音刺耳，命人封了你的窗。,"圣宠-25;声望-15",故意摔碎花瓶,心机,65,皇上入内询问，你借机依偎在皇上怀里。,"心机+15;圣宠+30",皇上觉得你笨手笨脚，头也不回地走了。,"声望-20;圣宠-10",1
2006,日常,例银被扣,这个月的份例被内务府无故扣了一半，婢女气得直哭。,带礼物打点管事,心机,60,管事补齐了你的份例，还送了点好炭。,"心机+10;体质+10",管事收了礼却翻脸不认人。,"声望-20;心机-10",去皇后处告状,声望,70,皇后整顿内务府，你拿回了公道。,"声望+20;心机+5",皇后嫌你事多，不耐烦地把你赶出来。,"声望-30;体质-10",0
2007,机遇,深夜侍寝,皇上酒后翻了你的牌子，此时正在龙床上闭目养神。,温柔推拿解酒,体质,60,皇上感到身心舒畅，对你赞不绝口。,"圣宠+40;体质-5",你力道不对，弄疼了皇上。,"圣宠-10;体质-10",红袖添香读诗,才情,80,皇上赞你蕙质兰心，是宫中难得的知音。,"才情+20;圣宠+50",皇上嫌你吵闹，直接让你下床回宫。,"圣宠-30;声望-20",1
2008,博弈,御膳夺食,御膳房送来的燕窝被贵人身边的太监强行夺走。,据理力争抢回,声望,65,你保住了自己的位份尊严。,"声望+20;体质+10",你被太监推倒在地，受了羞辱。,"体质-20;声望-15",默默忍受记恨,心机,55,你暂时隐忍，寻找机会反击。,"心机+15",你被认为软弱可欺，人人皆来踩一脚。,"声望-25",0
2009,死局,降位危机,你被诬陷偷窃皇后宫中的东珠，皇上正要下旨将你降为宫女。,拼死辩白伸冤,声望,85,你找出疑点反败为胜，皇上深感愧疚。,"圣宠+60;声望+40",皇上觉得你狡辩，直接赐下一尺白绫。,"死亡",求助母家势力,心机,90,你通过人脉平息了此事。,"心机+40;声望+10",家信被截获，被指结党营私。,"死亡",0
2010,日常,冬日赏雪,皇上兴致颇高，邀众位小主一同赏雪。,赋诗赞美雪景,才情,75,皇上龙颜大悦，赏赐你珍贵狐裘。,"才情+20;圣宠+30",你的诗作平庸，被众位嫔妃嘲笑。,"声望-20;才情-5",展示踏雪寻梅,容貌,80,你在雪中翩翩起舞，宛如雪中精灵。,"容貌+15;圣宠+40",你脚下滑倒摔入冰池，大病一场。,"体质-40;容貌-10",0
2011,机遇,皇子满月,今日是皇长子满月礼，你虽位分低，也要准备贺礼。,送上手绘百子图,才情,70,皇上赞你心思巧妙，亲切与你交谈。,"才情+15;圣宠+25",画作被洒上污渍，大不敬。,"声望-30;圣宠-20",送上家传暖玉,声望,60,皇后觉得你知书达理，很是满意。,"声望+20;心机+5",被指责礼物卑微，丢了面子。,"声望-15",0
2012,博弈,巫蛊流言,宫中流传有小主用巫蛊害人，火烧到了你身上。,主动请旨搜查,心机,75,你坦荡的做法赢得了皇上的信任。,"心机+20;圣宠+15",搜查中被翻出假证据，你百口莫辩。,"死亡",买通搜查太监,心机,80,你成功将证据处理掉。,"心机+30",太监反水告发你行贿。,"死亡",0
2013,日常,宫中刺绣,皇后寿辰将至，众嫔妃都在准备贺礼。,绣万寿无疆图,才情,65,你的手艺让皇后非常受用。,"声望+25;才情+10",你因日夜赶工，容貌变得憔悴。,"容貌-15;体质-10",寻找珍稀丝绸,心机,60,你送的料子极为罕见，独占鳌头。,"心机+15;声望+20",料子被换成次品，你在寿宴丢丑。,"声望-30",0
2014,机遇,月下谈心,你在深夜散步遇见忧心战事的皇上。,温婉劝解陪伴,心机,70,皇上心情转好，觉得你是解语花。,"圣宠+45;心机+10",皇上觉得你妇人之见，让你闭嘴。,"圣宠-20",讲述民间趣事,才情,60,皇上被你逗笑，暂忘烦恼。,"才情+15;圣宠+35",皇上觉得你言辞粗鄙。,"声望-15",1
2015,博弈,嫔妃投毒,你发现每日喝的燕窝里被下了微量的毒药。,将计就计装病,心机,80,皇上大怒严查，你获得丰厚补偿。,"心机+30;圣宠+40",对方发现你在演戏，直接下了猛药。,"体质-50;死亡",当场拆穿凶手,声望,75,由于证据不足，你反而被控诬陷。,"声望-40;圣宠-20",你成功指认凶手。,"声望+30;心机+10",0
2016,日常,宫中礼仪,太后突击检查各位答应的礼仪功底。,优雅展现宫仪,声望,65,太后夸你有名门风范。,"声望+20;圣宠+10",你因膝盖旧伤没跪稳，被罚抄经。,"体质-15;声望-10",献上亲手抄经,才情,65,太后见你心诚，赏了你一件法器。,"才情+15;心机+10",太后觉得你在投机取巧。,"声望-20",0
2017,机遇,春日游船,皇上在湖心岛赏景，你正好在岸边。,一舞惊鸿起跳,容貌,85,皇上在湖中心望见你，立刻命船接你。,"容貌+20;圣宠+50",你掉入湖中成了落汤鸡。,"容貌-20;体质-20",悠扬笛声吸引,才情,75,皇上循声而来，与你湖边漫步。,"才情+20;圣宠+35",笛子吹破了音。,"圣宠-15",1
2018,死局,皇帝旧情,你长得酷似皇上曾经最爱但已故的妃子，皇上正盯着你发呆。,故意模仿其神态,心机,90,你成了宫中最得宠的替身。,"圣宠+80;声望+40",皇上觉得你亵渎故人，龙颜大怒。,"死亡",坦然做你自己,声望,80,皇上欣赏你的风骨。,"声望+30;圣宠+30",皇上觉得你毫无趣味，厌弃了你。,"圣宠-40",1
2019,日常,嫔妃拉拢,得宠的高位妃子想让你帮她陷害对手。,表面答应依附,心机,75,你得到了她的庇护。,"心机+20;声望+10",你被她当成替罪羊抛弃。,"声望-40;体质-30",委婉拒绝两立,声望,70,你保住了名声，但也遭到了报复。,"声望+20;心机-10",你被她处处针对。,"体质-20;声望-10",0
2020,机遇,皇上微服,皇上穿便服私下巡视，你正在照顾生病的宫女。,悉心照顾显善良,声望,65,皇上赞你心肠慈悲，对你大加赞赏。,"圣宠+40;声望+20",皇上觉得你身为妃嫔不顾身份。,"圣宠-20",分享简易膳食,才情,60,皇上觉得新鲜有趣，吃得很开心。,"才情+15;圣宠+30",皇上吃得闹肚子，你受了罚。,"圣宠-50;体质-20",1
2021,机遇,池畔垂钓,皇上今日在太液池边独自垂钓，神情专注。,上前献上香饵,心机,65,你准备的秘制香饵让皇上连连起鱼。,"圣宠+35;心机+10",皇上嫌你惊扰了鱼群，败了兴致。,"圣宠-15",安静坐下陪同,体质,60,两人静坐无言，却有一种难得的默契。,"圣宠+25;体质+5",你坐得腰酸背痛，忍不住打了个喷嚏。,"圣宠-10",1
2022,博弈,新茶之争,今年最好的明前茶被内务府优先送到了你宫里，引来侧目。,分送给众姐妹,声望,75,你表现得慷慨大方，博得了美名。,"声望+30;心机+10",别人觉得你在炫耀，反而更加嫉恨。,"声望-20",独自关门品尝,体质,50,茶确实是好茶，你心情舒畅。,"体质+15",内务府被告发中饱私囊，你被牵连。,"声望-25",0
2023,日常,宫墙涂鸦,你在偏僻宫墙发现有人刻下忧伤的诗句。,续写后半段诗,才情,80,你的诗才惊艳了后来经过的皇上。,"才情+30;圣宠+40",你的诗句平庸，被人讥笑附庸风雅。,"声望-15",默默将其抹去,心机,65,你避免了一场可能发生的文字狱。,"心机+20",你被当成破坏遗迹的罪魁祸首。,"声望-15",0
2024,机遇,月夜惊梦,深夜你被噩梦惊醒，发现窗外有人影闪过。,大声呼唤守卫,声望,60,虽然只是虚惊一场，但皇上怜你受惊特来慰问。,"声望+10;圣宠+20",众人觉得你大惊小怪，扰人清梦。,"声望-20",出门查看究竟,心机,75,你发现是只野猫，还意外捡到一块玉佩。,"心机+25",你撞见了不该看的私会，险些被灭口。,"死亡",0
2025,博弈,寿礼被毁,你为主子亲手绣的屏风在送出前被水打湿了。,通宵修改成新花样,才情,85,你巧妙化水渍为烟云，惊艳全场。,"才情+35;声望+20",由于过度疲劳，你在寿宴上晕倒。,"体质-30",据实已告请罪,声望,70,你的诚实打动了主子，免于处罚。,"声望+15",你被当众斥责办事不力。,"声望-25",0
2026,日常,临摹古帖,你在内书房发现一本前朝珍本。,废寝忘食研读,才情,75,你的才名远播，连太后都听说了。,"才情+25;声望+15",你因用眼过度，神情变得憔悴。,"容貌-10;体质-10",拓印一份私藏,心机,70,你掌握了前朝的秘密。,"心机+30",你被指控私盗御书。,"死亡",0
2027,机遇,御花园救驾,皇上在园中散步，一条毒蛇突然从树上垂下。,用帕子将其挥开,体质,75,你动作敏捷救了皇上，成了救命恩人。,"圣宠+60;体质+10",你被蛇咬伤，险些丧命。,"体质-50;容貌-10",挡在皇面前,声望,80,你的忠诚让皇上深受震撼，当场晋升。,"圣宠+100;声望+50",你吓得瘫软在地，皇上被蛇惊到。,"圣宠-40",1
2028,博弈,嫔妃生辰,今日是你位分较高的对手生辰，对方邀你去贺寿。,送上亲制点心,心机,65,点心深得皇上喜爱，你借机获宠。,"心机+15;圣宠+30",对方污蔑你在点心里下药。,"死亡",准备普通贺礼,声望,60,你平稳过关，未出差错。,"声望+10",对方觉得你看不起她，当众羞辱。,"声望-20",0
2029,日常,冷宫旧闻,一个老嬷嬷神神秘秘地告诉你，某处枯井藏着宝藏。,带人前去发掘,声望,70,你挖出了前朝遗珠献给圣上。,"圣宠+50;声望+30",你只挖出了一堆晦气的死人骨头。,"声望-40",置之不理不信,心机,60,你躲过了一个诱杀宫妃的陷阱。,"心机+20",你被嬷嬷缠上，被讹了不少银子。,"心机-15",0
2030,机遇,御马受惊,皇上的御马在大校场受惊，你正好在看台上。,掷出手中丝巾,心机,75,丝巾蒙住了马眼，危机解除。,"心机+25;圣宠+40",丝巾飘走，马更加受惊了。,"圣宠-30",高声呼救吸引,声望,65,侍卫及时赶到，你亦有功劳。,"声望+20",你因喧哗被治了惊扰圣驾之罪。,"体质-20",0
2031,日常,练习歌舞,你在偏殿练习失传已久的霓裳羽衣舞。,追求极致难度,体质,85,你一舞成名，皇上称你为洛神下凡。,"容貌+20;圣宠+60",你扭伤了腰，恐怕半年不能下床。,"体质-50;圣宠-10",改编成柔和版,才情,70,虽不惊艳，但胜在温婉动人。,"才情+15;圣宠+20",皇上觉得你跳得软绵无力。,"圣宠-15",1
2032,死局,皇帝暴怒,皇上因边疆战报不利，在寝宫大砸瓷器。,温柔上前按抚,心机,95,你用柔情平息了帝王之怒，宠冠六宫。,"圣宠+100;心机+20",皇上正愁没处发火，你成了替罪羊。,"死亡",跪在殿外守候,体质,80,皇上出殿见你守了一夜，心生怜惜。,"圣宠+40;体质-20",你受了寒，皇上也没理你。,"体质-30",1
2033,博弈,名分之争,一个新入宫的常在处处显摆家世，压你一头。,展现博学多才,才情,80,皇上称赞你有大家闺秀之风。,"才情+30;声望+20",对方讥讽你不过是个掉书袋的。,"声望-15",利用计谋离间,心机,85,你让她在皇上面前失了仪态。,"心机+40;圣宠+10",计谋被识破，皇上厌弃了你。,"圣宠-50",0
2034,机遇,夏日赏荷,皇上在荷花池边设宴，由于太热众人都有些疲倦。,献上自制冰饮,心机,70,皇上吃后神清气爽，对你大加赞赏。,"圣宠+35;心机+15",皇上肠胃不适，你被告发。,"体质-30;圣宠-40",即兴赋诗助兴,才情,85,你的诗才让这满池荷花都失了色彩。,"才情+40;圣宠+50",你因紧张背错了韵脚，闹了笑话。,"声望-20",0
2035,日常,深夜读史,你在孤灯下读前朝兴亡录。,感悟治国之道,才情,90,你与皇上论政，皇上引你为红颜知己。,"才情+50;圣宠+60",皇上觉得你野心太大。,"圣宠-40",纯属消磨时间,体质,50,你身体得到了休息。,"体质+10",你被管事指责浪费灯油。,"声望-10",0
2036,博弈,御膳房克扣,今日送来的饭菜竟然是馊的。,直接拿去御书房,声望,80,你闹大了事情，皇上亲自为你出头。,"圣宠+40;声望+30",皇上觉得你为了点小事惊扰圣驾。,"圣宠-30",忍气吞声吃下,心机,65,你记录下了对方的把柄。,"心机+25",你上吐下泻，病了半个月。,"体质-35",0
2037,机遇,西域贡品,西域进贡了一只罕见的孔雀，皇上邀你共赏。,为其编造传说,才情,75,皇上听得入神，觉得你见多识广。,"才情+20;圣宠+30",传说漏洞百出，被皇上识破。,"圣宠-15",精心为其喂食,心机,65,你表现得温柔有爱。,"容貌+10;圣宠+20",孔雀啄伤了你，血溅当场。,"容貌-20;圣宠-20",0
2038,死局,谋逆密信,你在回宫路上捡到一封写着反诗的信件。,立刻烧毁无踪,心机,90,你躲过了一场灭顶之灾。,"心机+40",火光引来了侍卫，你被当场抓住。,"死亡",冒死呈给皇上,声望,95,你立下大功，被直接封为贵人。,"圣宠+150;声望+100",你在路上被反贼的眼线杀害。,"死亡",0
2039,日常,种植药材,你在宫中小径种了一些强身健体的草药。,精心培育采摘,体质,70,你的体质大幅提升。,"体质+30;心机+5",草药被杂草绞杀，功亏一篑。,"体质-10",偷偷磨成药粉,心机,75,你拥有了保命的良药。,"心机+30",被发现私自制药，指控你害人。,"死亡",0
2040,机遇,皇上微恙,皇上偶感风寒，拒绝见任何人。,熬制秘传汤药,心机,80,皇上喝了药果然好转，赞你用心。,"圣宠+60;心机+15",药不对症，皇上病情加重。,"死亡",在殿外跪求见,声望,75,你的赤诚打动了皇上，破例见你。,"圣宠+40;声望+20",皇上觉得你烦人，让你滚远点。,"圣宠-30",1
2041,博弈,姐妹反目,曾一起入宫的闺蜜为了争宠，故意在皇上面前揭你短。,淡定从容反击,心机,85,你巧妙揭穿了她的谎言。,"心机+30;声望+20",你气得说不出话，皇上觉得你心虚。,"圣宠-40",委屈落泪离去,容貌,75,皇上被你哭得心碎，反而去安慰你。,"圣宠+50;容貌+10",皇上觉得你矫情，不如她爽利。,"圣宠-30",1
2042,日常,雨中赏梅,大雨连绵，你在廊下看着被打落的梅花。,亲手收集落梅,才情,75,你将其制成香囊送给皇上，皇上大悦。,"才情+20;圣宠+30",你淋了雨，发了一场高烧。,"体质-25",感慨人生无常,心机,65,你练就了波澜不惊的心态。,"心机+20",你被指责多愁善感，晦气。,"声望-15",0
2043,机遇,大漠孤烟,皇上想听你讲讲塞外的风光。,描述得绘声绘色,才情,85,皇上赞你见识不凡，封你为知己。,"才情+30;圣宠+40",你牛头不对马嘴，皇上大感失望。,"圣宠-20",表示心向往之,容貌,70,皇上怜你被困深宫，加倍宠你。,"容貌+15;圣宠+30",皇上觉得你不安本分。,"圣宠-15",1
2044,日常,练习书法,你在练习王羲之的字体。,苦练多年终有成,才情,90,你的字迹与皇上简直如出一辙。,"才情+50;声望+30",你写得手抖心乱。,"才情-10",寻求皇上指点,圣宠,60,皇上手把手教你，暧昧丛生。,"圣宠+50;体质-10",皇上觉得你基础太差，不想教。,"圣宠-20",1
2045,死局,毒酒试菜,皇上突然要你试吃桌上的每一道菜。,毫无畏惧吃下,体质,95,菜中无毒，皇上赞你赤胆忠心。,"圣宠+80;声望+40",菜中有毒，你当场毙命。,"死亡",婉言谢绝圣恩,心机,90,你通过智慧察觉到皇上在试探。,"心机+40;圣宠+20",皇上觉得你贪生怕死，当场赐死。,"死亡",0
2046,机遇,皇子哭闹,小皇子一直哭个不停，奶妈们都没办法。,温柔唱起歌谣,才情,75,皇子在你怀里安静睡去。,"圣宠+50;声望+30",皇子哭得更凶了，皇后大怒。,"圣宠-40",展示新奇小玩艺,心机,70,皇子被吸引，止住了哭声。,"心机+20;圣宠+30",皇子吞下小件险些噎住。,"死亡",0
2047,博弈,被诬私通,有人在你的寝宫搜出了一根男人的腰带。,指认是他人栽赃,心机,95,你冷静应对，抓住了真凶。,"心机+50;声望+30",由于证据确凿，皇上不听解释。,"死亡",自请去宗人府,声望,85,你以死自证清白，皇上心软。,"圣宠+40;声望+20",你在宗人府受尽屈辱而死。,"死亡",0
2048,机遇,圣驾临门,皇上突然造访，而你还没来得及更衣。,素颜上前接驾,容貌,85,皇上赞你清水出芙蓉。,"圣宠+50;容貌+20",皇上觉得你邋遢，没个妃嫔样子。,"圣宠-30",隔着帘子对话,心机,80,皇上觉得你神秘有趣。,"心机+30;圣宠+40",皇上觉得你摆谱。,"圣宠-20",1
2049,日常,整理库房,你在库房深处发现一件被封存的霓裳。,偷偷试穿起舞,容貌,90,皇上推门而入，如见天人。,"容貌+30;圣宠+80",你被指责私动御物，大不敬。,"声望-50",将其重新密封,心机,80,你避免了被卷入旧事的纠纷。,"心机+30",你被灰尘呛得满脸通红。,"容貌-10",0
2050,机遇,皇帝生辰,皇上大寿，要你献上一份特别的礼物。,亲手缝制龙袍,体质,85,皇上赞你用心，穿上后英姿飒爽。,"体质-20;圣宠+70",你因劳累过度把龙爪绣错了。,"死亡",献上万寿无疆舞,容貌,90,你成了全宫最亮眼的存在。,"容貌+40;圣宠+100",你在跳舞时扭伤了脚，狼狈不堪。,"圣宠-50;声望-30",1
2051,博弈,被诬诅咒,有人在你宫门前的树下挖出了写有太后名讳的木偶。,主动请求封宫调查,心机,85,你坦荡的态度让皇上察觉异样，抓到了埋伏的真凶。,"心机+30;声望+20",真凶早已准备好伪证，你被直接废位。,"死亡",以死自证清白,声望,80,你撞柱未死，额上的伤痕成了皇上永久的怜惜。,"圣宠+60;容貌-15",皇上觉得你畏罪自杀，下令暴尸。,"死亡",0
2052,日常,雪地寒梅,寒冬腊月，你见御花园红梅开得极好，正欲采撷。,吟诵前朝梅花赋,才情,75,路过的皇上被你的才情吸引，与你雪中漫步。,"才情+20;圣宠+35",你记错了词句，引来旁人讥笑。,"声望-15",剪下梅花插瓶,容貌,70,皇上见你人比花娇，折下一枝亲手为你戴上。,"容貌+10;圣宠+25",你被梅枝划破了手，好不狼狈。,"体质-10",1
2053,机遇,圣驾微服,皇上穿了一身普通侍卫的衣服在御花园游荡，你正好撞见。,装作不知配合演出,心机,80,皇上玩心大起，觉得你是这宫里唯一的妙人。,"心机+25;圣宠+50",你演技拙劣，皇上觉得你在戏弄他。,"圣宠-20",立刻下跪行礼,声望,65,皇上赞你守规矩，是个本分的。,"声望+15;圣宠+10",皇上觉得你无趣，扫了兴致。,"声望-10",0
2054,日常,练习琵琶,你在月下苦练琵琶，琴声幽咽。,弹出塞外杀伐气,才情,85,皇上听出了你的志气，引你为红颜知己。,"才情+30;圣宠+45",你弹得杂乱无章，惊扰了宫中安宁。,"声望-20",加入轻柔小调,容貌,75,皇上循声而来，赞你温柔婉约。,"容貌+5;圣宠+30",琴弦突然断裂。,"体质-5",1
2055,博弈,内务府克扣,今年的冬衣送来时，领子上的毛皮竟是碎布拼凑的。,重礼贿赂总管,心机,70,对方补送了一件雪狐裘，还成了你的眼线。,"心机+20;声望+10",你的首饰被吞，东西还是没换。,"心机-15",当面斥责内务府,声望,75,对方被你气势所震，暂时收敛。,"声望+20",你被内务府怀恨在心，处处受限。,"声望-30",0
2056,机遇,皇子落水,你在太液池边散步，忽见一名幼子落水，周围并无侍卫。,奋不顾身入水救人,体质,80,你救下了皇长子，成了后宫的大功臣。,"圣宠+100;声望+80",你体力不支，险些与皇子一同溺毙。,"体质-50;声望-20",高声呼救引人,心机,65,侍卫及时赶到救下皇子，你也受了封赏。,"圣宠+30;声望+20",你呼喊太迟，皇子受惊过度，你被责罚。,"声望-50",0
2057,死局,谋逆密信,你在御书房整理文书时，意外看到了一封勾结藩王的密信。,偷偷藏入袖中,心机,90,你掌握了足以威胁重臣的把柄。,"心机+50",你被暗处把守的影卫发现。,"死亡",立刻焚烧毁灭,声望,75,你保住了性命，也保住了皇上的秘密。,"心机+25",你被闻味而来的禁卫军抓住。,"死亡",0
2058,日常,研制胭脂,你试图用宫中的花瓣研制独一无二的妆粉。,加入西域香料,心机,75,妆粉带有奇香，让皇上对你欲罢不能。,"容貌+20;圣宠+40",香料过敏，你脸上长满了红疹。,"容貌-30;体质-10",送给位高妃子,声望,70,你成功攀附上了高位，得了庇护。,"声望+25;心机+10",对方觉得你在毁她容貌。,"声望-40;死亡",0
2059,日常,御花园迷路,你在园中迷失，误入了一处废弃已久的宫殿。,仔细探寻出口,心机,65,你意外发现了前朝留下的珍宝。,"心机+20",你在里面绕了半天，错过点名被罚。,"体质-15",坐下休息等待,体质,50,你保存了体力，最后被侍卫发现。,"体质+10",你被当成私通的宫女抓住。,"声望-30",0
2060,机遇,圣上病重,皇上近日缠绵病榻，谁也不见，你在殿外守了一夜。,深夜吹箫抚慰,才情,85,凄婉的箫声让皇上心中宽慰，传你入内。,"圣宠+60;才情+20",皇上嫌箫声太吵，加重了头疼。,"圣宠-40",亲手熬制姜汤,体质,75,皇上喝了你守了一夜的汤，倍感温暖。,"圣宠+45;体质-20",汤药被太医指责成分不对。,"声望-30",1
2061,博弈,姐妹嫌隙,同位分的一名答应在皇上面前故意提起你家中的丑闻。,淡定微笑回应,心机,85,你巧妙避重就轻，化解了尴尬。,"心机+30;声望+15",你气得发抖，皇上觉得你心虚。,"圣宠-30",当场反唇相讥,声望,75,你揭发了她更多的丑事，两人同受罚。,"声望-20;体质-10",对方被皇上厌弃。,"声望+20",0
2062,日常,雨中取书,你在去藏书楼的路上被大雨困住。,拼死护住古籍,才情,70,书未湿，你却淋了一身，皇上怜之。,"才情+10;圣宠+25",书全毁了，你被勒令赔偿。,"声望-30;体质-10",躲入亭中避雨,心机,60,你保护了自己，但也耽误了事。,"体质+5",你被指责办事不力。,"声望-15",0
2063,机遇,大漠胡旋,西域进贡了胡旋舞姬，皇上问你可否一试。,即兴起舞博君笑,容貌,85,你的舞姿比舞姬更灵动，皇上大喜。,"容貌+30;圣宠+60",你扭到了脚，狼狈倒地。,"容貌-10;体质-20",点评舞姿优劣,才情,80,你点评得极具深度，皇上引你为知音。,"才情+25;圣宠+20",皇上觉得你只会纸上谈兵。,"圣宠-10",1
2064,日常,抄写经书,太后命你抄写《金刚经》一百遍。,字迹端正工整,才情,75,太后夸你心诚，赏了你一对玉镯。,"才情+20;声望+15",你写到最后手抖，坏了整篇。,"才情-10;体质-10",寻求皇上润色,心机,80,皇上亲自为你落款，面子十足。,"圣宠+40;心机+15",皇上觉得你这点事也要烦他。,"圣宠-20",0
2065,博弈,被诬私通,你的寝宫被翻出一张男人的手帕。,冷静分析来源,心机,90,你通过帕上的香味抓住了栽赃的小人。,"心机+40;声望+30",证据确凿，你被直接打入冷宫。,"死亡",指认是对方之物,声望,80,由于你平日声望高，众人信了你。,"声望+30;心机+10",被指控诬陷，罪加一等。,"死亡",0
2066,机遇,圣驾赏花,皇上在园中赏牡丹，命众人作诗。,以牡丹自喻志向,才情,90,皇上赞你有国色之风。,"才情+40;圣宠+60",皇上觉得你野心勃勃。,"圣宠-30",赞美圣上功德,声望,70,皇上被捧得心花怒放。,"声望+20;圣宠+25",皇上觉得你只会阿谀奉承。,"声望-15",1
2067,日常,猫惊御驾,皇上的御猫突然受惊冲向你。,温柔安抚猫儿,心机,75,猫儿在你怀中安静下来，皇上大悦。,"心机+20;圣宠+35",猫儿抓伤了你的脸。,"容貌-40;体质-10",惊慌失措躲避,体质,60,你躲开了，猫儿冲向了皇上。,"声望-30",猫儿抓伤了圣上，你被处死。,"死亡",0
2068,死局,皇帝噩梦,皇上在半夜惊醒，拔剑乱挥，以为有刺客。,上前抱住皇上,体质,90,你的体温安抚了皇上，成了他的依赖。,"圣宠+100;体质-10",你被皇上误伤，失血过多。,"死亡",高声呼喊侍卫,心机,80,侍卫进门救驾，你亦平安。,"声望+20",皇上觉得你让他丢了面子。,"死亡",1
2069,日常,整理旧画,你在整理内库时，发现了一张皇上早年的丹青。,精心装裱献上,才情,80,皇上怀念往事，对你倍加宠爱。,"才情+20;圣宠+45",你弄坏了画轴。,"声望-30;体质-10",当做没看见收起,心机,70,你避免了被卷入旧事的麻烦。,"心机+20",你被灰尘呛得生了病。,"体质-10",0
2070,机遇,春日游船,你在湖边看风景，皇上的龙舟正好经过。,一曲长笛引龙舟,才情,85,皇上命人靠岸接你上船共游。,"才情+30;圣宠+50",你笛声凄厉，惊了圣驾。,"圣宠-30",跳入水中救人,体质,90,你救下了失足落水的太监，皇上赞你仁慈。,"声望+50;圣宠+30",你险些把自己淹死。,"体质-50;容貌-10",1
2071,博弈,新人入宫,一批更年轻的秀女入宫，抢走了不少风头。,传授宫中规矩,声望,75,你树立了威信，成了她们的领头。,"声望+30;心机+10",新人觉得你摆谱，联手排挤你。,"声望-20",暗中挑拨离间,心机,85,她们内部争斗，你坐收渔利。,"心机+40",计谋被识破，被皇上厌恶。,"圣宠-50",0
2072,日常,缝制龙袍,皇上命你为其缝制贴身的一件中衣。,绣上太极图案,才情,80,皇上赞你心思细腻，利于修行。,"才情+25;圣宠+40",你因劳累过度，视力受损。,"容貌-10;体质-10",快速保质完成,体质,70,皇上穿着舒适，赏了你不少钱。,"体质+10;声望+20",中衣领子太紧，皇上不悦。,"圣宠-20",0
2073,机遇,深夜密谈,皇上找你商量如何应对贪腐的重臣。,提供家乡传闻,心机,90,你的情报让皇上成功破案。,"心机+50;圣宠+70",情报有误，导致皇上受挫。,"死亡",劝圣上保重龙体,声望,75,皇上觉得你很窝心。,"声望+20;圣宠+30",皇上觉得你没有见识。,"声望-20",1
2074,日常,御花园观星,你在夜里观测星象，正好撞见皇上。,讲述星象吉凶,才情,85,皇上赞你有经天纬地之才。,"才情+40;圣宠+50",你言语不详，皇上觉得你故弄玄虚。,"圣宠-20",陪皇上静静看星,容貌,75,皇上被你的侧脸吸引。,"容貌+15;圣宠+35",你被蚊虫叮了一脸包。,"容貌-10",1
2075,博弈,内廷宴会,宴会上高位妃子故意让你上台助兴表演。,献上一段剑舞,体质,85,你英姿飒爽，皇上看得目不转睛。,"体质+20;圣宠+60",你长剑脱手，险些刺中圣驾。,"死亡",称病推托不去,心机,80,你躲开了被羞辱的尴尬。,"心机+25",对方在酒里下药让你当众失态。,"死亡",0
2076,日常,整理藏书,你被派去整理落满灰尘的皇家图书馆。,整理出目录分类,心机,70,你得到了主管的信任。,"心机+20;声望+10",你被书架砸伤。,"体质-20",趁机阅读孤本,才情,85,你的知识储备大增。,"才情+40",你被指控私窥御笔。,"死亡",0
2077,机遇,皇帝生辰,皇上大寿，要你献上一份特别礼物。,亲手烹制长寿面,体质,75,皇上吃出了儿时的味道，感动落泪。,"圣宠+70;声望+30",面条煮糊了。,"圣宠-20",献上一场皮影戏,才情,80,皇上觉得新奇有趣。,"才情+30;圣宠+40",皮影戏台塌了。,"声望-30",1
2078,死局,谋害皇嗣,你发现有人在皇子的摇篮里放了毒虫。,立刻上前徒手抓虫,体质,95,你救了皇子，但也身中剧毒。,"圣宠+150;声望+100",你没抓到虫，自己还被蜇死。,"死亡",寻找长辈帮忙,心机,85,你保全了自己也救了人。,"心机+30;声望+20",救援来得太慢，皇子夭折，你陪葬。,"死亡",0
2079,日常,种植牡丹,你在寝宫培育出了一朵罕见的并蒂莲。,献给皇上赏玩,声望,75,皇上以此为吉兆，大赏全宫。,"圣宠+60;声望+40",花在路上枯萎了。,"声望-20",留着自己欣赏,体质,60,你的心情变好了。,"体质+15",你被指责私藏吉兆，不思圣恩。,"圣宠-30",0
2080,机遇,月下论政,皇上正为江南水患忧心忡忡。,提出疏导之法,才情,95,皇上采纳了你的策略，万民得救。,"圣宠+120;心机+50",皇上觉得你牝鸡司晨。,"死亡",温柔依偎安慰,容貌,85,皇上在你这里得到了片刻安宁。,"圣宠+50;容貌+10",皇上觉得你没心没肺。,"圣宠-40",1
2081,日常,刺绣荷囊,你为主子绣一个非常精美的荷囊。,加入珍贵的香料,心机,75,主子佩戴后备受皇上称赞。,"心机+20;声望+15",香料引起了主子的咳嗽。,"声望-30",追求极致针法,才情,80,荷囊被收入内库。,"才情+25;声望+10",你绣坏了布料。,"体质-10",0
2082,博弈,御花园争位,你正坐着休息，一名新晋小主让你腾位置。,淡定继续坐着,声望,80,她被你的气场镇住，悻悻而归。,"声望+25;心机+10",她叫来侍卫把你强行拉开。,"声望-30;体质-10",笑着请她共坐,心机,70,你成功化敌为友。,"心机+15;声望+10",她觉得你虚伪，吐了你一身。,"容貌-10",0
2083,机遇,秋日围猎,皇上带你去郊外围猎，命你射一箭看看。,正中红心靶心,体质,90,皇上赞你巾帼不让须眉。,"圣宠+60;体质+20",箭偏得差点射中皇上的坐骑。,"圣宠-50",表示害怕不敢射,容貌,75,皇上亲手从背后教你射箭。,"圣宠+50;容貌+10",皇上觉得你矫揉造作。,"圣宠-20",1
2084,日常,整理档案,你在档案室发现了一些妃子的进宫记录。,偷偷记下她们的生辰,心机,85,你掌握了送礼的先机。,"心机+30",你被管理员抓住。,"声望-20",将其归位不看,声望,70,你保持了正直的声誉。,"声望+15",你错过了一个大秘密。,"心机-10",0
2085,死局,毒茶风波,皇上让你给某位重臣送茶，你发现茶里有毒。,当场打翻茶杯,声望,95,你救了皇上的名声。,"圣宠+80;声望+50",你被皇上当众处死以灭口。,"死亡",神不知鬼不觉换掉,心机,90,你做到了完美替圣上分忧。,"心机+80;圣宠+50",被臣子发现你在换茶，当场抓获。,"死亡",0
2086,日常,宫中绘画,你在画一幅《百鸟朝凤》。,画得栩栩如生,才情,85,皇后将其挂在寝宫，你地位稳固。,"才情+30;声望+20",你把凤凰画得像野鸡。,"声望-20",加入皇帝的背影,心机,80,皇上看到后非常感动。,"圣宠+60;才情+10",皇上觉得你亵渎龙颜。,"圣宠-40",0
2087,机遇,冬至包饺子,全宫一起过节，你包的饺子里藏了金币。,皇上正好吃到了,心机,75,皇上赞你是福星。,"圣宠+50;声望+20",皇上险些崩了牙。,"圣宠-40",自己吃到了金币,体质,60,你感觉明年会有好运气。,"体质+15",你差点被噎死。,"体质-30",0
2088,日常,整理旧衣,你在整理旧衣服时发现了一个旧钱袋。,将其交给管事,声望,70,你得到了诚实的美名。,"声望+20",管事觉得你在装模作样。,"声望-10",私自收起备用,心机,65,你多了一笔活动经费。,"心机+15",被发现私藏财物。,"体质-20;声望-10",0
2089,机遇,皇子满月,你在满月礼上被要求唱一首摇篮曲。,唱得婉转动人,才情,80,全场听得入迷。,"才情+20;圣宠+40",你唱破了音，引来大笑。,"声望-25",加入家乡的小调,心机,75,皇上觉得新鲜。,"心机+20;圣宠+30",皇上觉得曲调土气。,"圣宠-10",1
2090,死局,刺客突袭,晚宴上，一名舞姬突然拔剑刺向皇上。,用身体挡住利剑,体质,90,你救了皇上的命，直接晋升贵妃。,"圣宠+200;声望+150",你被一剑封喉。,"死亡",掷出手中金杯击偏,心机,95,你救了驾且毫发无伤。,"心机+60;圣宠+80",你没击中，皇上受伤，你被治罪。,"死亡",1
2091,博弈,被诬偷窃,皇后丢失了心爱的东珠，有人指认在你宫中见过。,主动请求彻底搜查,心机,90,你早已将赃物反向栽赃给陷害你的人，当众揭穿。,"心机+40;声望+20",你没发现床底被塞了东西，被当场抓获。,"死亡",以病弱之躯博同情,容貌,85,皇上见你面色苍白不似作伪，下令严查举报者。,"圣宠+40;容貌+5",皇后认为你装模作样，罚跪慎刑司。,"体质-50;声望-30",0
2092,日常,宫中棋局,你在御花园凉亭见到一盘未完的残局，皇上正皱眉沉思。,巧妙落下一子,才情,90,皇上豁然开朗，大赞你是他的“女诸葛”。,"才情+40;圣宠+50",你乱下棋子导致局面全毁，皇上大怒。,"圣宠-20",为皇上换一杯新茶,心机,75,你贴心的举动让皇上感到一丝宁静。,"心机+15;圣宠+25",茶水太烫，惊扰了圣驾。,"体质-10",0
2093,机遇,冷宫救人,冷宫处传来呼救声，似乎是某位曾经得宠的废妃大病。,带太医前去诊治,声望,85,她康复后送你一份后宫秘密名单作为报答。,"心机+50;声望+30",你被指私通废妃，受了牵连。,"声望-40",置之不理离开,心机,80,你成功避开了一个针对你的圈套。,"心机+25",你被路过的宫女指责刻薄寡恩。,"声望-20",0
2094,日常,练习插花,太后举办插花会，要求各宫小主展现品味。,以枯木逢春为题,才情,85,太后赞你意境高远，赏了你一件佛宝。,"才情+30;声望+20",太后觉得你选材晦气，不喜。,"声望-15",选用大红大紫,容貌,80,你虽然俗气但也显得富贵吉祥。,"容貌+15;声望+10",皇上觉得你俗不可耐。,"圣宠-15",0
2095,死局,皇帝醉酒,皇上在偏殿喝得酩酊大醉，嘴里喊着别人的名字。,温柔上前顶替,心机,95,你成功让皇上把你当成了心上人，百般宠爱。,"圣宠+100;心机+30",皇上酒醒发现是你，觉得被愚弄。,"死亡",悄然退下避祸,声望,85,你守住了名声，没留下任何把柄。,"声望+20",你被大太监责备伺候不力，扣了月钱。,"声望-15",1
2096,博弈,内廷流言,有人传言你家父在朝中贪污，皇上近日对你冷淡。,写信回乡求证,心机,85,你拿到了澄清的证据，反击了流言。,"心机+30;声望+20",家信被截，被指内外勾结。,"死亡",在雪地跪求信任,体质,90,皇上被你的坚持打动，下令彻查。,"圣宠+60;体质-40",你冻晕过去，皇上依旧没理你。,"体质-50;圣宠-20",0
2097,机遇,御园春猎,皇上在园中射中一只白狐，问你如何处理。,请求放生积德,声望,80,皇上赞你心地纯良，称你为“仁妃”。,"声望+40;圣宠+30",皇上觉得你假慈悲。,"圣宠-15",请求制成围脖,容貌,85,皇上赞你娇俏动人，亲自为你围上。,"容貌+20;圣宠+40",你被动物保护组织（太后）责备残忍。,"声望-30",0
2098,日常,学习琴技,你为了侍寝，特意向琴师请教高难度曲目。,苦练指法磨出血,体质,80,你的技艺突飞猛进，圣宠指日可待。,"才情+35;体质-10",你的手受了重伤，半年不能弹琴。,"体质-30;才情-10",加入独特韵律,才情,85,皇上听完曲子，惊叹你的灵气。,"才情+40;圣宠+30",曲调过于怪异。,"圣宠-10",1
2099,博弈,新晋之争,一个刚入宫的新人不仅截了你的胡，还嘲讽你年华已逝。,暗中送去毁容药,心机,90,你神不知鬼不觉地除掉了竞争对手。,"心机+60",被对方反将一计，你成了凶手。,"死亡",提升自身容貌,容貌,95,你一番打扮，生生将新人比了下去。,"容貌+40;圣宠+40",你打扮得过于招摇，被皇上斥责。,"圣宠-30",1
2100,死局,谋刺惊魂,深夜有黑衣人闯入你寝宫，逼问皇上的行踪。,指错方向误导,心机,95,你成功引开了刺客并报警，救了驾。,"圣宠+150;声望+100",刺客识破了谎言，当场取你性命。,"死亡",宁死不屈反抗,体质,90,你拖延了时间，侍卫赶到救了你。,"圣宠+120;声望+80",你被刺客一刀了结。,"死亡",0
2101,机遇,圣驾临门,皇上突然造访，见你在灯下缝补旧衣。,表示生活节俭,声望,80,皇上赞你有勤俭持家之德。,"声望+30;圣宠+40",皇上觉得你太寒酸，丢了他的脸。,"圣宠-20",说是思念母妃,心机,85,皇上感同身受，对你大加抚慰。,"圣宠+50;心机+20",皇上嫌你多愁善感。,"圣宠-15",1
2102,日常,整理卷轴,你在御书房整理前朝地图。,发现防务漏洞,才情,95,你向皇上建言，皇上对你刮目相看。,"才情+50;圣宠+80",皇上觉得你干预国政，大忌。,"死亡",整理得井井有条,心机,75,你得到了皇上的赏赐。,"声望+20;心机+10",你弄乱了绝密档案。,"声望-30",0
2103,博弈,姐妹站队,两位高位妃子正在争夺协理六宫之权，都要你表态。,两不相帮中立,心机,90,你在这场风波中独善其身。,"心机+40",你被两边同时视为眼中钉。,"声望-30",选强者依附,声望,85,你得到了暂时的地位加持。,"声望+30;心机+10",对方失势，你被一起清算。,"死亡",0
2104,日常,练习书法,你在宣纸上反复书写皇上的名字。,不小心被皇上撞见,容貌,85,皇上见你满纸皆是他，感动不已。,"圣宠+60;容貌+10",皇上觉得你在施展媚术诅咒。,"圣宠-30",赶紧撕碎藏起,心机,80,你掩盖了羞涩的心思。,"心机+15",皇上觉得你有事隐瞒，起了疑心。,"圣宠-20",1
2105,机遇,夏日赏冰,内务府送来了极其罕见的西域冰果。,分给其他嫔妃,声望,85,你的谦逊赢得了全宫的赞誉。,"声望+40;心机+10",别人吃了闹肚子，全赖在你头上。,"声望-50",亲自喂给皇上,容貌,90,皇上吃得开心，今夜留宿。,"圣宠+70;容貌+15",皇上嫌冰得牙疼，败兴。,"圣宠-20",1
2106,日常,刺绣屏风,你要绣一副巨型的万里江山图。,昼夜不分赶工,体质,85,屏风气势宏大，皇上将其置于金銮殿。,"声望+50;圣宠+40",你累得眼睛酸涩，看东西模糊。,"容貌-20;体质-30",加入家乡绣法,才情,90,皇上赞叹绣法独到，别具一格。,"才情+40;圣宠+30",主子嫌你破坏了规矩。,"声望-20",0
2107,博弈,御膳夺爱,皇上赏赐的一道名菜，被路过的贵妃强行带走。,委屈隐忍不言,心机,85,皇上知道后，觉得你懂事，加倍补偿。,"圣宠+60;心机+20",你被认为软弱，从此待遇更差。,"声望-30",当面据理力争,声望,90,你保住了尊严，但也彻底得罪了贵妃。,"声望+40",贵妃当众掌嘴你二十。,"体质-20;容貌-10",0
2108,死局,鸩酒疑云,皇上命你给落马的重臣之女（你的好友）送去毒酒。,偷偷换成假死药,心机,90,你救了好友且未被发现，成就一段义举。,"心机+80;声望+50",药效过慢被发现，你被灭口。,"死亡",硬着头皮送去,声望,90,你完成了任务，但内心永远难安。,"声望+20;心机-30",你被对方拼死反击，同归于尽。,"死亡",0
2109,日常,御花园观鱼,你在池边喂鱼，皇上突然从身后抱住你。,惊喜转头迎接,容貌,90,你的笑靥让皇上心驰神往。,"圣宠+70;容貌+20",你吓得把鱼食洒了皇上一脸。,"圣宠-40",反手推开惊叫,体质,75,皇上觉得你真实可爱，毫不做作。,"圣宠+30",皇上觉得你冲撞圣躬。,"圣宠-20",1
2110,机遇,皇帝噩梦,皇上在梦中大喊“杀贼”，醒来时情绪失控。,紧紧抱住他安慰,容貌,95,你成了帝王软弱时唯一的港湾。,"圣宠+120;容貌+20",皇上在混乱中掐住了你的脖子。,"死亡",跪在床头读佛经,才情,90,皇上逐渐在经声中平静下来。,"才情+40;圣宠+50",皇上嫌你吵闹，让你滚。,"圣宠-30",1
2111,日常,研磨香料,你尝试调配一种能让人身心愉悦的熏香。,加入珍贵沉香,心机,85,皇上在你宫里总能睡得极好，天天来。,"圣宠+80;心机+20",香料过重，皇上闻了头晕。,"圣宠-30",送给太后助眠,声望,80,太后对你大加赞赏，成了你的靠山。,"声望+50;心机+20",太后觉得你在香里下药害她。,"死亡",0
2112,博弈,降位危机,你被指控在宫宴上使用了逾制的外袍。,指认内务府送错,心机,90,你成功摆脱嫌疑，内务府管事成了替罪羊。,"心机+40;声望+20",管事拿出你的贿赂证据。,"死亡",直接跪地认错,声望,85,皇上见你态度诚恳，免了处罚。,"圣宠+10;声望-10",皇上大怒，降你为宫女。,"死亡",0
2113,机遇,春日蹴鞠,后宫举办蹴鞠大赛，皇上在台下观看。,展示惊人球技,体质,90,你矫健的身姿让皇上赞不绝口。,"圣宠+60;体质+20",你摔了个狗啃泥，全宫大笑。,"声望-40;容貌-10",在场边加油鼓劲,容貌,80,你美得像一幅画，皇上只顾着看你。,"圣宠+40;容貌+10",皇上觉得你没参与感。,"声望-10",0
2114,日常,修补孤本,皇上心爱的古籍散架了，没人敢动。,用祖传技法修补,才情,95,皇上大喜，称你为“兰心蕙质”。,"才情+50;圣宠+60",你不小心弄丢了一页。,"死亡",建议皇上重新誊抄,心机,75,皇上觉得你有自知之明。,"心机+15",皇上觉得你懒惰不肯出力。,"圣宠-20",0
2115,博弈,嫔妃投毒,你发现你的茶杯边沿有淡淡的苦味。,将计就计喝下装死,心机,95,皇上震怒下令严查，凶手伏法。,"圣宠+100;心机+40",你药量没算准，真的中毒太深。,"死亡",立刻打碎茶杯反击,声望,85,你保护了自己，但没抓到真凶。,"声望+20",你被指责在御前失仪，毁坏御赐之物。,"圣宠-30",0
2116,日常,宫中礼仪,太后突击检查各位小主的行走坐卧。,展示最标准的步伐,声望,90,太后赞你有名门风范，赏了金钗。,"声望+40;容貌+10",你太紧张左脚踩右脚。,"声望-20",亲手奉上养生茶,心机,80,太后被你哄得很开心。,"心机+25;声望+20",太后觉得你在谄媚。,"声望-15",0
2117,机遇,皇帝出巡,皇上准备去江南巡游，名单上没有你。,深夜潜入龙舟祈求,容貌,95,皇上被你的痴情打动，带你上船。,"圣宠+100;体质-20",你被侍卫当成刺客抓获。,"死亡",送上亲制的江南图,才情,90,皇上见图思人，补加了你的名字。,"才情+40;圣宠+50",皇上觉得你多此一举。,"声望-20",1
2118,死局,巫蛊咒物,你在对手床底发现了她诅咒皇后的木偶。,直接向皇上告发,声望,90,你成功铲除了劲敌，获得赏赐。,"声望+60;圣宠+40",由于证据不足，你被反咬一口。,"死亡",偷偷拿走自己藏起来,心机,90,你掌握了对方一辈子的死穴。,"心机+80",你被对手的眼线当场抓住。,"死亡",0
2119,日常,种植牡丹,你在园中培育出一朵罕见的蓝色牡丹。,献给太后寿辰,声望,95,太后大喜，直接封你为贵人。,"声望+100;圣宠+50",花在寿宴上突然枯萎。,"死亡",请皇上共同赏花,容貌,85,皇上觉得花美，人更美。,"圣宠+50;容貌+10",皇上对花粉过敏。,"圣宠-50",1
2120,机遇,边疆捷报,皇上因前方大胜心情极好，在御花园设宴。,即兴创作祝捷诗,才情,95,皇上引为奇才，当众赏赐你。,"才情+50;圣宠+80",你诗中用词不当，被指影射战亡将领。,"死亡",频频举杯贺皇上,体质,85,皇上觉得你与他同喜，非常痛快。,"圣宠+50;体质-20",你喝醉了，御前失仪。,"圣宠-30",1
2121,博弈,位分僭越,一个贵人用了本该属于嫔位的明黄色丝绸。,当众指出其错误,声望,90,你维护了宫廷法度，受皇后赞赏。,"声望+50;心机+10",对方家世显赫，反让你下不来台。,"声望-40",私下提醒她换掉,心机,85,她对你感激涕零，成了你的盟友。,"心机+30;声望+20",她觉得你在威胁她，怀恨在心。,"心机-20",0
2122,日常,整理内务,你在整理旧物时发现了一张不知名的遗诏。,交给皇上处置,心机,90,你立下救驾奇功。,"圣宠+150;心机+50",你被皇上灭口。,"死亡",立刻烧掉装不知道,声望,90,你躲过了一劫。,"心机+40",纸灰被发现，你被审问。,"死亡",0
2123,机遇,月下独舞,月光如银，你在太液池边翩翩起舞。,舞姿曼妙绝伦,容貌,95,皇上在远处看得痴迷，当晚留宿。,"容貌+40;圣宠+100",你失足跌入湖中。,"体质-30;容貌-10",加入武术招式,体质,90,皇上赞你巾帼豪情。,"圣宠+60;体质+20",皇上觉得你太粗鲁。,"圣宠-20",1
2124,日常,抄写佛经,你被派去为死去的妃子抄经七日。,虔诚斋戒抄写,体质,85,皇上感念你仁厚。,"圣宠+40;声望+30",你累得晕倒在佛堂。,"体质-40",找人代笔抄写,心机,80,你成功偷懒。,"心机+20",被发现对死者不敬，罚去冷宫。,"死亡",0
2125,机遇,圣驾不适,皇上批阅奏章时眼睛干涩。,上前轻柔按摩,体质,90,皇上觉得你手法极佳。,"圣宠+50;体质-10",你手劲太大，按疼了皇上。,"圣宠-20",送上明目药膳,心机,85,皇上觉得你贴心。,"圣宠+40;心机+15",药膳太苦，皇上不爱。,"圣宠-15",1
2126,博弈,嫔妃生子,你的对手生下了皇子，圣宠正浓。,送去祝福贺礼,声望,85,你展现了大度。,"声望+30;心机+10",礼品被指含有让婴儿过敏的东西。,"死亡",暗中观察动向,心机,90,你发现了对方产子的隐情。,"心机+50",你被对方灭口。,"死亡",0
2127,日常,练习歌技,你在深夜对着宫墙唱歌。,唱法空灵高远,才情,95,皇上以为遇到了仙女降世。,"才情+50;圣宠+80",你被邻居指责扰民。,"声望-20",唱家乡的童谣,容貌,85,皇上想起了小时候，对你心生爱怜。,"圣宠+50;容貌+10",皇上觉得你没品味。,"圣宠-20",1
2128,死局,谋朝篡位,有朝臣密谋造反，想利用你给皇上下药。,假意答应并举报,心机,90,你救了江山社稷，直升贵妃。,"圣宠+200;声望+200",举报计划泄露，你被反贼先杀。,"死亡",断然拒绝被囚,声望,95,你保持了节操。,"声望+100",你被反贼直接灭口。,"死亡",0
2129,日常,整理御花园,你在园中修剪花木。,修剪出绝美造型,才情,90,皇上赞你有艺术天分。,"才情+30;圣宠+30",你不小心剪掉了皇上最爱的兰花。,"死亡",顺手采集朝露,心机,80,你为皇上泡了一杯灵动之茶。,"心机+20;圣宠+40",你被蚊子咬得满脸包。,"容貌-15",1
2130,机遇,皇上微服,皇上穿便装在宫外游玩归来，带了民间小吃。,表现得极其惊喜,心机,85,皇上觉得你没心机，很真实。,"圣宠+50;心机+10",皇上觉得你没见过世面。,"声望-15",劝皇上注意龙体,声望,90,皇上觉得你很贤惠。,"声望+40;圣宠+30",皇上觉得你扫兴。,"圣宠-40",1
2131,机遇,圣驾避雨,雷雨交加，皇上恰好路过你宫门口，进来避雨。,煮一壶姜茶暖身,心机,85,皇上在风雨中感受到了久违的家常温暖。,"圣宠+45;心机+15",姜茶太辣，皇上喝了一口便皱眉。,"圣宠-10",素手执伞相送,容貌,90,你雨中撑伞的倩影，成了皇上心中的画作。,"圣宠+60;容貌+10",你脚下滑倒，不仅自己摔了还带倒了皇上。,"体质-30;圣宠-50",1
2132,日常,临摹古画,你正在临摹一幅早已失传的《洛神图》。,加入自己的神韵,才情,95,皇上赞你笔下的洛神竟有几分你的影子。,"才情+40;圣宠+50",你把洛神画得过于妖艳，被指不端。,"声望-20",请皇上共同补笔,圣宠,90,两人共执一笔，情意绵绵。,"圣宠+80;才情+20",皇上嫌你画技太差，弄脏了他的御笔。,"圣宠-30",1
2133,博弈,被诬下毒,内务府分发的胭脂中混入了毁人容貌的毒药，且指向是你所为。,亲自试药自证,体质,90,你拼死吃下自证清白，皇上心疼不已，厚赐于你。,"圣宠+120;体质-40",你中毒太深，容颜尽毁且性命堪忧。,"死亡",分析药粉来源,心机,95,你通过药粉中独特的西域香气揪出了真凶。,"心机+50;声望+40",你被对方灭口，做成自裁假象。,"死亡",0
2134,日常,御花园摘花,你在采摘朝露时，遇到皇上正在怀念早逝的宠妃。,轻声吟诵安魂曲,才情,90,皇上在你的歌声中得到了真正的平静。,"才情+30;圣宠+50",皇上觉得你冒犯了故人。,"圣宠-40",默默跪在身后陪伴,声望,85,皇上转身看到你，心中泛起一丝温情。,"圣宠+35;声望+20",皇上觉得你碍眼，命你滚。,"圣宠-20",1
2135,死局,谋逆惊魂,你无意间在冷宫角落听到了大将军与内侍的谋反密谈。,立刻寻找禁卫军,体质,95,你飞奔报信阻止了宫变，立下盖世奇功。,"圣宠+200;声望+150",你在奔跑途中被乱箭射死。,"死亡",躲在暗处记下名单,心机,90,你掌握了足以动摇朝局的绝密名录。,"心机+80",你踩到枯枝发出响声，被当场灭口。,"死亡",0
2136,日常,宫中礼仪,太后突击检查各位小主的刺绣功底。,绣出一幅百鸟朝凤,才情,95,太后赞你技艺无双，赐你协理内务。,"声望+80;才情+40",你因紧张绣断了金线。,"声望-30",绣出一尊慈悲观音,心机,90,太后见你佛心虔诚，对你大加赞赏。,"声望+60;心机+30",太后觉得你虚伪。,"声望-20",0
2137,机遇,皇帝生辰,皇上寿宴，各宫争奇斗艳。,表演惊鸿剑舞,体质,90,你英气勃发，皇上当众赏你夜明珠。,"圣宠+100;体质+20",剑尖划破了舞池的地毯，被治失仪。,"声望-40",献上万寿无疆酒,心机,85,酒中加入了你特制的药膳，皇上龙精虎猛。,"圣宠+60;心机+20",酒里被对手下药，你成了弑君凶手。,"死亡",1
2138,日常,整理旧档案,你在卷宗里发现了一个关于皇上生母的惊天秘密。,将秘密带入棺材,心机,90,你因沉稳不言，反而得到了皇上的终身信任。,"心机+100;声望+20",你神情恍惚被皇上看出，由于知道太多被处死。,"死亡",利用秘密威胁对手,心机,90,你成功除掉了心腹大患。,"心机+60",对方拼死告发你窥探禁中秘事。,"死亡",0
2139,博弈,嫔妃联手,几名得宠的妃子联手排挤你，扣下了你的炭火。,去御花园冻伤偶遇,容貌,95,皇上见你冻得瑟瑟发抖，心碎之下严惩凶手。,"圣宠+80;容貌-10",你真的冻出了大病，且皇上根本没经过。,"体质-60",用最后的银子贿赂,心机,90,你拿回了炭火并反向收买了对方的人。,"心机+40",你变得一贫如洗。,"声望-20",0
2140,机遇,春日蹴鞠,皇上兴致大发，要你下场踢球。,展示惊人身法,体质,95,皇上被你的活力感染，连连叫好。,"圣宠+70;体质+30",你一球踢到了皇上脸上。,"死亡",在一旁巧妙解说,才情,90,皇上赞你谈吐风雅。,"才情+30;圣宠+30",皇上嫌你话多。,"圣宠-10",0
2141,日常,研习香道,你在调制一种名为“思帝乡”的奇香。,加入西域返魂香,心机,90,皇上闻到此香便如入幻境，唯你是从。,"圣宠+120;心机+30",皇上对香气过敏，引发旧疾。,"死亡",调制清淡冷香,容貌,90,皇上赞你气质清冷，不染尘埃。,"圣宠+50;容貌+20",皇上觉得这香味太索然无味。,"圣宠-20",1
2142,博弈,位分僭越,一个新入宫的常在穿着只有贵人才能用的正红色。,当场严厉训诫,声望,90,你维护了宫规，太后赞你稳重。,"声望+80;心机+20",对方后台极硬，你反被扣上欺压新人的帽子。,"声望-50",暗中剪坏她的衣服,心机,95,她在宴会上当众丢丑，被贬为庶人。,"心机+50",你被当场抓获。,"死亡",0
2143,机遇,圣上微恙,皇上偶感风寒，太医们都束手无策。,献上民间土方,心机,90,皇上服下后奇迹般痊愈。,"圣宠+100;声望+50",药不对症，皇上病情加重，你被治罪。,"死亡",衣不解带守候三日,体质,90,皇上醒来见到你的憔悴，深感你之赤诚。,"圣宠+80;体质-50",你累死在病榻前。,"死亡",1
2144,日常,修补孤本,皇上最爱的《诗经》残页被你意外修复。,恢复古籍原貌,才情,95,皇上引你为唯一的“知音”。,"圣宠+150;才情+60",你不小心弄花了古人的真迹。,"死亡",加入自己的批注,才情,90,你的见解让皇上醍醐灌顶。,"圣宠+100;才情+80",皇上觉得你狂妄自大。,"圣宠-50",1
2145,死局,后宫失火,你的寝宫突然起火，且门被反锁了。,拼死从狗洞爬出,体质,90,你虽狼狈但保住了性命，发现是人为放火。,"体质-30;心机+40",你被浓烟呛死。,"死亡",在大火中弹琴求救,才情,90,皇上被琴声吸引亲自冲入火海救你。,"圣宠+200;声望+100",你被活活烧死。,"死亡",1
2146,机遇,皇子哭闹,小皇子百日宴上大哭不止，众妃束手无策。,用草药香囊安神,心机,90,皇子瞬间止哭微笑，皇后对你感激不尽。,"声望+100;圣宠+50",皇子对草药过敏。,"死亡",唱起家乡的童谣,才情,95,皇子在你怀中睡着。,"圣宠+80;声望+40",你被嫌弃歌声太土。,"声望-30",0
2147,博弈,圣宠分配,皇上连坐了你三晚，引起了满宫嫉妒。,主动劝皇上去别处,心机,90,皇上赞你贤德，反而更离不开你。,"圣宠+150;声望+50",皇上真的走了，且很久没再回来。,"圣宠-100",霸占圣驾不放,容貌,95,你成了宫中唯一的宠妃。,"圣宠+200;容貌+30",你被太后以“妖妃”之名杖毙。,"死亡",1
2148,日常,整理御园,你在园中发现了一处极其适合避暑的凉亭。,引皇上前去消暑,心机,95,皇上赞你会享受，在此留宿数日。,"圣宠+80;心机+20",皇上在亭子里被毒虫叮咬。,"圣宠-50",自己私下享受,体质,85,你度过了一个愉快的夏天。,"体质+30",你被指责私占御园。,"声望-20",0
2149,机遇,月下论道,皇上最近迷上了炼丹求长生。,劝皇上珍重御体,声望,90,皇上听从了你的逆耳忠言，封你为贤妃。,"声望+150;圣宠+50",皇上觉得你阻碍他成仙，当场赐死。,"死亡",亲自学习炼丹陪伴,心机,90,你成了皇上求仙路上的唯一道友。,"圣宠+100;心机+50",你因为误食铅汞重金属中毒。,"体质-80;容貌-30",1
2150,机遇,边疆动乱,皇上因前方战败大发雷霆，欲亲征。,请求随军侍奉,体质,90,皇上赞你有胆识，带你体验塞外风光。,"圣宠+150;体质-50",你被皇上觉得是在添乱。,"圣宠-40",作画讽刺敌军,才情,95,皇上见画大笑，压力全消。,"才情+50;圣宠+80",画作落入敌手，被指通敌。,"死亡",1
2151,日常,种植药草,你在后院种下了一些能延年益寿的灵芝。,献给皇上服用,声望,95,皇上神清气爽，直接晋你为贵人。,"圣宠+100;声望+100",皇上吃完上火流鼻血。,"圣宠-30",留着自己服用,体质,90,你感觉年轻了十岁。,"体质+50;容貌+20",药性太猛。,"体质-20",0
2152,博弈,太后生辰,你需要准备一份最特别的贺礼。,抄写万福图,才情,90,太后将其挂在佛堂。,"声望+80;才情+40",你写错了福字。,"声望-50",亲自排演祝寿舞,容貌,90,皇上在宴上对你惊为天人。,"圣宠+120;容貌+40",你跳舞时踩到了裙摆。,"声望-30",0
2153,机遇,皇帝噩梦,皇上梦见山河破碎，惊醒后痛哭。,温柔抱住并共绘江山,才情,95,皇上在你身上找到了重建山河的力量。,"圣宠+200;心机+50",皇上觉得你窥探他的恐惧。,"死亡",跪地请求分担忧愁,声望,90,皇上觉得你很体贴。,"声望+50;圣宠+40",皇上让你走开。,"圣宠-20",1
2154,日常,修剪花木,你正在修剪皇上最爱的墨兰。,修剪出孤高之感,才情,90,皇上赞你有君子之风。,"圣宠+60;才情+30",兰花被你剪死了。,"死亡",将落叶收集制茶,心机,90,皇上喝到了最醇厚的兰花香。,"心机+30;圣宠+50",皇上闹肚子。,"体质-20",1
2155,死局,鸩酒之灾,你被诬陷私通，皇上将鸩酒放在你面前。,平静喝下并致辞,心机,90,皇上最后一刻察觉你是被冤枉的，紧紧抱住你。,"圣宠+300;声望+100",你真的死了。,"死亡",指认现场疑点,心机,95,你冷静的头脑救了你的命。,"心机+80;声望+50",皇上已经疯魔，不听解释。,"死亡",0
2156,机遇,秋夜观星,你在夜空下为皇上讲解牛郎织女。,借星象隐喻情深,才情,95,皇上发誓绝不负你。,"圣宠+150;才情+40",皇上觉得你是在要位分。,"圣宠-30",展示自制的浑天仪,心机,90,皇上惊叹你的博学。,"心机+50;圣宠+80",浑天仪炸了。,"体质-30",1
2157,日常,刺绣龙旗,皇上亲征前要你绣一杆帅旗。,用自己的头发绣入,心机,95,皇上带着帅旗所向披靡，称你是他的守护神。,"圣宠+200;声望+100",你被指控下蛊。,"死亡",追求极致美感,才情,90,帅旗成了艺术品。,"声望+50;才情+40",你因劳累双目失明。,"容貌-50;体质-50",0
2158,博弈,新人截胡,一个新来的答应抢走了皇上本该去你那里的轿辇。,拦住圣驾告状,声望,90,皇上惩罚了新人，亲自牵你回宫。,"圣宠+100;声望+50",皇上觉得你心胸狭窄。,"圣宠-60",在必经之路弹琴,才情,95,皇上中途下轿，弃她而来。,"圣宠+120;心机+40",琴声太凄凉，皇上加速离开。,"圣宠-30",1
2159,机遇,岁末分封,皇上要在跨年之夜晋升一名嫔妃。,展示一年来的功绩,声望,90,你名至实归，直接封为贵人。,"圣宠+100;声望+200",皇上觉得你太功利。,"声望-50",陪伴皇上守岁不求名分,容貌,90,皇上感动于你的淡泊，额外加封。,"圣宠+150;容貌+20",你睡着了。,"圣宠-10",1
